Workbook

Sheet Planilha2
A1: LOCAL DE VOTAÇÃO | B1: LATITUDE | C1: LONGITUDE | D1: BAIRRO
A2: EMEB ROBERTO MECONI | B2: -23.33504 | C2: -46.72989 | D2: Parque Vitória
A3: EE.PROF. DOMINGOS CAMBIAGHI | B3: -23.33153 | C3: -46.72633 | D3: Centro
A4: EE. BENEDITO FAGUNDES MARQUES | B4: -23.33216 | C4: -46.72647 | D4: Centro
A5: EE. PAULO DUARTE | B5: -23.32566 | C5: -46.70616 | D5: Parque Vitória
A6: EE.PROF. RITUCO MITANI | B6: -23.32766 | C6: -46.71931 | D6: Jardim Benintendi
A7: EMEB. LUIZ SIMIONATO | B7: -23.32082 | C7: -46.76251 | D7: Jardim Luciana
A8: EE. PROF. JOCIMARA VIEIRA DA SILVA | B8: -23.313346 | C8: -46.72886 | D8: Vila Bela
A9: ETEC.ESCOLA TÉCNICA ESTADUAL DR.EMILIO HERNANDEZ AGUILAR | B9: -23.33487 | C9: -46.72039 | D9: Pouso Alegre
A10: EE. AZEVEDO SOARES | B10: -23.33169 | C10: -46.71579 | D10: Pouso Alegre
A11: EMEB CARLOS EDUARDO DE SOUSA | B11: -23.3187 | C11: -46.76313 | D11: Jardim Luciana
A12: EMEB. ANTONIO FARIA (ANT. SENAI ) | B12: -23.33101 | C12: -46.71669 | D12: Pouso Alegre
A13: EE.PROF. ADAMASTOR BAPTISTA(CEJA) | B13: -23.33104 | C13: -46.70824 | D13: Vila Machado
... A37: CEJA - PROFESSORA ISABEL CRISTINA PIMENTA | B37: -23.33072 | C37: -46.72639 | D37: Centro

Sheet Kiko_somente_Franco
A1: MUNICIPIO | B1: CANDIDATO | C1: ESTADO | D1: QT_VOTOS | E1: LOCAL_VOTACAO | F1: LOCAL_VOTACAO_ENDERECO | G1: LATITUDE | H1: LONGITUDE | I1: BAIRRO
A2: FRANCO DA ROCHA | B2: FRANCISCO DANIEL CELEGUIM DE MORAIS | C2: SÃO PAULO | D2: 108 | E2: EMEB ROBERTO MECONI | F2: AV DOS COQUEIROS SN | G2: =VLOOKUP(Tabela1[[#This Row],[LOCAL_VOTACAO]],Tabela24[],3,FALSE) -> -23.33504 | H2: =VLOOKUP(Tabela1[[#This Row],[LOCAL_VOTACAO]],Tabela24[],4,FALSE) -> -46.72989 | I2: =VLOOKUP(Tabela1[[#This Row],[LOCAL_VOTACAO]],Planilha2!A:D,4,FALSE) -> Parque Vitória
A3: FRANCO DA ROCHA | B3: FRANCISCO DANIEL CELEGUIM DE MORAIS | C3: SÃO PAULO | D3: 96 | E3: EMEB ROBERTO MECONI | F3: AV DOS COQUEIROS SN | G3: =VLOOKUP(Tabela1[[#This Row],[LOCAL_VOTACAO]],Tabela24[],3,FALSE) -> -23.33504 | H3: =VLOOKUP(Tabela1[[#This Row],[LOCAL_VOTACAO]],Tabela24[],4,FALSE) -> -46.72989 | I3: =VLOOKUP(Tabela1[[#This Row],[LOCAL_VOTACAO]],Planilha2!A:D,4,FALSE) -> Parque Vitória
A4: FRANCO DA ROCHA | B4: FRANCISCO DANIEL CELEGUIM DE MORAIS | C4: SÃO PAULO | D4: 77 | E4: EMEB ROBERTO MECONI | F4: AV DOS COQUEIROS SN | G4: =VLOOKUP(Tabela1[[#This Row],[LOCAL_VOTACAO]],Tabela24[],3,FALSE) -> -23.33504 | H4: =VLOOKUP(Tabela1[[#This Row],[LOCAL_VOTACAO]],Tabela24[],4,FALSE) -> -46.72989 | I4: =VLOOKUP(Tabela1[[#This Row],[LOCAL_VOTACAO]],Planilha2!A:D,4,FALSE) -> Parque Vitória
A5: FRANCO DA ROCHA | B5: FRANCISCO DANIEL CELEGUIM DE MORAIS | C5: SÃO PAULO | D5: 95 | E5: EE.PROF. DOMINGOS CAMBIAGHI | F5: AV DOS COQUEIROS, S/N | G5: =VLOOKUP(Tabela1[[#This Row],[LOCAL_VOTACAO]],Tabela24[],3,FALSE) -> -23.33153 | H5: =VLOOKUP(Tabela1[[#This Row],[LOCAL_VOTACAO]],Tabela24[],4,FALSE) -> -46.72633 | I5: =VLOOKUP(Tabela1[[#This Row],[LOCAL_VOTACAO]],Planilha2!A:D,4,FALSE) -> Centro
A6: FRANCO DA ROCHA | B6: FRANCISCO DANIEL CELEGUIM DE MORAIS | C6: SÃO PAULO | D6: 103 | E6: EE. BENEDITO FAGUNDES MARQUES | F6: AV DOS COQUEIROS, S/N | G6: =VLOOKUP(Tabela1[[#This Row],[LOCAL_VOTACAO]],Tabela24[],3,FALSE) -> -23.33216 | H6: =VLOOKUP(Tabela1[[#This Row],[LOCAL_VOTACAO]],Tabela24[],4,FALSE) -> -46.72647 | I6: =VLOOKUP(Tabela1[[#This Row],[LOCAL_VOTACAO]],Planilha2!A:D,4,FALSE) -> Centro
A7: FRANCO DA ROCHA | B7: FRANCISCO DANIEL CELEGUIM DE MORAIS | C7: SÃO PAULO | D7: 107 | E7: EE. BENEDITO FAGUNDES MARQUES | F7: AV DOS COQUEIROS, S/N | G7: =VLOOKUP(Tabela1[[#This Row],[LOCAL_VOTACAO]],Tabela24[],3,FALSE) -> -23.33216 | H7: =VLOOKUP(Tabela1[[#This Row],[LOCAL_VOTACAO]],Tabela24[],4,FALSE) -> -46.72647 | I7: =VLOOKUP(Tabela1[[#This Row],[LOCAL_VOTACAO]],Planilha2!A:D,4,FALSE) -> Centro
A8: FRANCO DA ROCHA | B8: FRANCISCO DANIEL CELEGUIM DE MORAIS | C8: SÃO PAULO | D8: 99 | E8: EE.PROF. DOMINGOS CAMBIAGHI | F8: AV DOS COQUEIROS, S/N | G8: =VLOOKUP(Tabela1[[#This Row],[LOCAL_VOTACAO]],Tabela24[],3,FALSE) -> -23.33153 | H8: =VLOOKUP(Tabela1[[#This Row],[LOCAL_VOTACAO]],Tabela24[],4,FALSE) -> -46.72633 | I8: =VLOOKUP(Tabela1[[#This Row],[LOCAL_VOTACAO]],Planilha2!A:D,4,FALSE) -> Centro
A9: FRANCO DA ROCHA | B9: FRANCISCO DANIEL CELEGUIM DE MORAIS | C9: SÃO PAULO | D9: 92 | E9: EE.PROF. DOMINGOS CAMBIAGHI | F9: AV DOS COQUEIROS, S/N | G9: =VLOOKUP(Tabela1[[#This Row],[LOCAL_VOTACAO]],Tabela24[],3,FALSE) -> -23.33153 | H9: =VLOOKUP(Tabela1[[#This Row],[LOCAL_VOTACAO]],Tabela24[],4,FALSE) -> -46.72633 | I9: =VLOOKUP(Tabela1[[#This Row],[LOCAL_VOTACAO]],Planilha2!A:D,4,FALSE) -> Centro
A10: FRANCO DA ROCHA | B10: FRANCISCO DANIEL CELEGUIM DE MORAIS | C10: SÃO PAULO | D10: 120 | E10: EE. BENEDITO FAGUNDES MARQUES | F10: AV DOS COQUEIROS, S/N | G10: =VLOOKUP(Tabela1[[#This Row],[LOCAL_VOTACAO]],Tabela24[],3,FALSE) -> -23.33216 | H10: =VLOOKUP(Tabela1[[#This Row],[LOCAL_VOTACAO]],Tabela24[],4,FALSE) -> -46.72647 | I10: =VLOOKUP(Tabela1[[#This Row],[LOCAL_VOTACAO]],Planilha2!A:D,4,FALSE) -> Centro
A11: FRANCO DA ROCHA | B11: FRANCISCO DANIEL CELEGUIM DE MORAIS | C11: SÃO PAULO | D11: 108 | E11: EE. BENEDITO FAGUNDES MARQUES | F11: AV DOS COQUEIROS, S/N | G11: =VLOOKUP(Tabela1[[#This Row],[LOCAL_VOTACAO]],Tabela24[],3,FALSE) -> -23.33216 | H11: =VLOOKUP(Tabela1[[#This Row],[LOCAL_VOTACAO]],Tabela24[],4,FALSE) -> -46.72647 | I11: =VLOOKUP(Tabela1[[#This Row],[LOCAL_VOTACAO]],Planilha2!A:D,4,FALSE) -> Centro
A12: FRANCO DA ROCHA | B12: FRANCISCO DANIEL CELEGUIM DE MORAIS | C12: SÃO PAULO | D12: 85 | E12: EE.PROF. DOMINGOS CAMBIAGHI | F12: AV DOS COQUEIROS, S/N | G12: =VLOOKUP(Tabela1[[#This Row],[LOCAL_VOTACAO]],Tabela24[],3,FALSE) -> -23.33153 | H12: =VLOOKUP(Tabela1[[#This Row],[LOCAL_VOTACAO]],Tabela24[],4,FALSE) -> -46.72633 | I12: =VLOOKUP(Tabela1[[#This Row],[LOCAL_VOTACAO]],Planilha2!A:D,4,FALSE) -> Centro
A13: FRANCO DA ROCHA | B13: FRANCISCO DANIEL CELEGUIM DE MORAIS | C13: SÃO PAULO | D13: 109 | E13: EE.PROF. DOMINGOS CAMBIAGHI | F13: AV DOS COQUEIROS, S/N | G13: =VLOOKUP(Tabela1[[#This Row],[LOCAL_VOTACAO]],Tabela24[],3,FALSE) -> -23.33153 | H13: =VLOOKUP(Tabela1[[#This Row],[LOCAL_VOTACAO]],Tabela24[],4,FALSE) -> -46.72633 | I13: =VLOOKUP(Tabela1[[#This Row],[LOCAL_VOTACAO]],Planilha2!A:D,4,FALSE) -> Centro
... A290: FRANCO DA ROCHA | B290: FRANCISCO DANIEL CELEGUIM DE MORAIS | C290: SÃO PAULO | D290: 4 | E290: CENTRO DE DETENÇÃO PROVISÓRIA FEMININO DE FRANCO DA ROCHA | F290: RUA MARCUS VINÍCIUS DONADEL GOES, S/N | G290: =VLOOKUP(Tabela1[[#This Row],[LOCAL_VOTACAO]],Tabela24[],3,FALSE) -> -23.33533 | H290: =VLOOKUP(Tabela1[[#This Row],[LOCAL_VOTACAO]],Tabela24[],4,FALSE) -> -46.68497 | I290: =VLOOKUP(Tabela1[[#This Row],[LOCAL_VOTACAO]],Planilha2!A:D,4,FALSE) -> Vila Industrial

Sheet Georeferência
A1: nome | B1: nomeabrev | C1: LATITUDE | D1: LONGITUDE
A2: 18 de Julio | B2: 18 de Julio | C2: -33.684688 | D2: -53.558255
A3: Abadia de Goiás | B3: Abadia de Goiás | C3: -16.76206 | D3: -49.438354
A4: Abadia dos Dourados | B4: Abadia dos Dourados | C4: -18.483287 | D4: -47.392467
A5: Abadiânia | B5: Abadiânia | C5: -16.197423 | D5: -48.706066
A6: Abaeté | B6: Abaeté | C6: -19.152155 | D6: -45.455739
A7: Abaetetuba | B7: Abaetetuba | C7: -1.7222087 | D7: -48.879223
A8: Abaí | B8: Abaí | C8: -25.997706 | D8: -55.936002
A9: Abaiara | B9: Abaiara | C9: -7.3609456 | D9: -39.048497
A10: Abaíra | B10: Abaíra | C10: -13.250724 | D10: -41.664714
A11: Abaré | B11: Abaré | C11: -8.7237544 | D11: -39.11455
A12: Abatiá | B12: Abatiá | C12: -23.303989 | D12: -50.312947
A13: Abdon Batista | B13: Abdon Batista | C13: -27.613105 | D13: -51.023718
... A5852: Zortéa | B5852: Zortéa | C5852: -27.45254 | D5852: -51.552438
A5853: EMEB ROBERTO MECONI | C5853: -23.33504 | D5853: -46.72989
A5854: EE.PROF. DOMINGOS CAMBIAGHI | C5854: -23.33153 | D5854: -46.72633
A5855: EE. BENEDITO FAGUNDES MARQUES | C5855: -23.33216 | D5855: -46.72647
A5856: EE. PAULO DUARTE | C5856: -23.32566 | D5856: -46.70616
A5857: EE.PROF. RITUCO MITANI | C5857: -23.32766 | D5857: -46.71931
A5858: EMEB. LUIZ SIMIONATO | C5858: -23.32082 | D5858: -46.76251
A5859: EE. PROF. JOCIMARA VIEIRA DA SILVA | C5859: -23.313346 | D5859: -46.72886
A5860: ETEC.ESCOLA TÉCNICA ESTADUAL DR.EMILIO HERNANDEZ AGUILAR | C5860: -23.33487 | D5860: -46.72039
A5861: EE. AZEVEDO SOARES | C5861: -23.33169 | D5861: -46.71579
A5862: EMEB CARLOS EDUARDO DE SOUSA | C5862: -23.3187 | D5862: -46.76313
A5863: EMEB. ANTONIO FARIA (ANT. SENAI ) | C5863: -23.33101 | D5863: -46.71669
A5864: EE.PROF. ADAMASTOR BAPTISTA(CEJA) | C5864: -23.33104 | D5864: -46.70824
... A5888: CEJA - PROFESSORA ISABEL CRISTINA PIMENTA | C5888: -23.33072 | D5888: -46.72639
